{"cameraMode":{"drawMode":0,"name":"Shaded","section":"Shading Mode"},"sceneLighting":true,"audioPlay":false,"sceneViewState":{"m_AlwaysRefresh":false,"showFog":true,"showSkybox":true,"showFlares":true,"showImageEffects":true,"showParticleSystems":true,"showVisualEffectGraphs":true,"m_FxEnabled":true},"in2DMode":false,"pivot":{"x":-0.7532695531845093,"y":0.26788854598999026,"z":0.5750219225883484},"rotation":{"x":0.056641437113285068,"y":0.43571725487709048,"z":-0.027486687526106836,"w":0.8978815078735352},"size":0.2568989396095276,"orthographic":true}