{"cameraMode":{"drawMode":0,"name":"Shaded","section":"Shading Mode"},"sceneLighting":true,"audioPlay":false,"sceneViewState":{"m_AlwaysRefresh":false,"showFog":true,"showSkybox":true,"showFlares":true,"showImageEffects":true,"showParticleSystems":true,"showVisualEffectGraphs":true,"m_FxEnabled":true},"in2DMode":false,"pivot":{"x":0.34241512417793276,"y":1.028121829032898,"z":-0.10224321484565735},"rotation":{"x":-0.01936013251543045,"y":0.9742501974105835,"z":-0.20491549372673036,"w":-0.0920458734035492},"size":3.669879198074341,"orthographic":false}