{"cameraMode":{"drawMode":0,"name":"Shaded","section":"Shading Mode"},"sceneLighting":true,"audioPlay":false,"sceneViewState":{"m_AlwaysRefresh":false,"showFog":true,"showSkybox":true,"showFlares":true,"showImageEffects":true,"showParticleSystems":true,"showVisualEffectGraphs":true,"m_FxEnabled":true},"in2DMode":false,"pivot":{"x":-0.5557767152786255,"y":0.9481189250946045,"z":0.45385438203811648},"rotation":{"x":0.056641437113285068,"y":0.43571725487709048,"z":-0.027486687526106836,"w":0.8978815078735352},"size":1.2989835739135743,"orthographic":true}