{"cameraMode":{"drawMode":0,"name":"Shaded","section":"Shading Mode"},"sceneLighting":true,"audioPlay":false,"sceneViewState":{"m_AlwaysRefresh":false,"showFog":true,"showSkybox":true,"showFlares":true,"showImageEffects":true,"showParticleSystems":true,"showVisualEffectGraphs":true,"m_FxEnabled":true},"in2DMode":false,"pivot":{"x":0.060412388294935229,"y":0.38453948497772219,"z":0.11323407292366028},"rotation":{"x":0.25034648180007937,"y":-0.28904056549072268,"z":0.07859394699335098,"w":0.9206620454788208},"size":0.08704708516597748,"orthographic":true}