{"cameraMode":{"drawMode":0,"name":"Shaded","section":"Shading Mode"},"sceneLighting":true,"audioPlay":false,"sceneViewState":{"m_AlwaysRefresh":false,"showFog":true,"showSkybox":true,"showFlares":true,"showImageEffects":true,"showParticleSystems":true,"showVisualEffectGraphs":true,"m_FxEnabled":true},"in2DMode":false,"pivot":{"x":-0.07075439393520355,"y":-0.10738344490528107,"z":0.4853186309337616},"rotation":{"x":-0.01936013251543045,"y":0.9742501974105835,"z":-0.20491549372673036,"w":-0.0920458734035492},"size":0.8307588696479797,"orthographic":false}